object,type,lines,used_by,last_modified
Z_PROG_00001,PROG,4500,120,2023-05-14
Z_PROG_00002,PROG,150,8,2022-11-02
Z_FUNC_00003,FUNC,800,45,2023-08-20
Z_FUNC_00004,FUNC,50,3,2021-03-10
Z_CLASS_00005,CLASS,2500,90,2023-12-01
Z_CLASS_00006,CLASS,400,12,2022-07-15
SAP_STD_00007,FUNC,600,40,2020-01-20
SAP_STD_00008,FUNC,100,5,2019-06-11
SAP_STD_00009,PROG,3200,75,2023-09-08
SAP_STD_00010,TABLE,0,150,2024-01-05
Z_PROG_00011,PROG,200,4,2021-12-22
Z_CLASS_00012,CLASS,1800,30,2023-04-18
SAP_STD_00013,CDS,900,55,2022-10-30
Z_FUNC_00014,FUNC,3000,95,2023-11-11
SAP_STD_00015,TABLE,0,200,2024-02-14
